<?xml version="1.0" encoding="UTF-8"?>
<metadata xml:lang="en"><Esri><CreaDate>20210504</CreaDate><CreaTime>09082800</CreaTime><ArcGISFormat>1.0</ArcGISFormat><SyncOnce>FALSE</SyncOnce><DataProperties><itemProps><itemName Sync="TRUE">MAGRegion_LU_2021</itemName><imsContentType Sync="TRUE">002</imsContentType><itemLocation><linkage Sync="TRUE">file://\\THERETH-MODEL-2\C$\Users\thereth.MTNLAND\Desktop\temp\File Geodatabase.gdb</linkage><protocol Sync="TRUE">Local Area Network</protocol></itemLocation><nativeExtBox><westBL Sync="TRUE">228583.430000</westBL><eastBL Sync="TRUE">673944.590000</eastBL><southBL Sync="TRUE">4094743.900000</southBL><northBL Sync="TRUE">4653571.810000</northBL><exTypeCode Sync="TRUE">1</exTypeCode></nativeExtBox></itemProps><coordRef><type Sync="TRUE">Projected</type><geogcsn Sync="TRUE">GCS_North_American_1983</geogcsn><csUnits Sync="TRUE">Linear Unit: Meter (1.000000)</csUnits><projcsn Sync="TRUE">NAD_1983_UTM_Zone_12N</projcsn><peXml Sync="TRUE">&lt;ProjectedCoordinateSystem xsi:type='typens:ProjectedCoordinateSystem' xmlns:xsi='http://www.w3.org/2001/XMLSchema-instance' xmlns:xs='http://www.w3.org/2001/XMLSchema' xmlns:typens='http://www.esri.com/schemas/ArcGIS/2.6.0'&gt;&lt;WKT&gt;PROJCS[&amp;quot;NAD_1983_UTM_Zone_12N&amp;quot;,GEOGCS[&amp;quot;GCS_North_American_1983&amp;quot;,DATUM[&amp;quot;D_North_American_1983&amp;quot;,SPHEROID[&amp;quot;GRS_1980&amp;quot;,6378137.0,298.257222101]],PRIMEM[&amp;quot;Greenwich&amp;quot;,0.0],UNIT[&amp;quot;Degree&amp;quot;,0.0174532925199433]],PROJECTION[&amp;quot;Transverse_Mercator&amp;quot;],PARAMETER[&amp;quot;False_Easting&amp;quot;,500000.0],PARAMETER[&amp;quot;False_Northing&amp;quot;,0.0],PARAMETER[&amp;quot;Central_Meridian&amp;quot;,-111.0],PARAMETER[&amp;quot;Scale_Factor&amp;quot;,0.9996],PARAMETER[&amp;quot;Latitude_Of_Origin&amp;quot;,0.0],UNIT[&amp;quot;Meter&amp;quot;,1.0],AUTHORITY[&amp;quot;EPSG&amp;quot;,26912]]&lt;/WKT&gt;&lt;XOrigin&gt;-5120900&lt;/XOrigin&gt;&lt;YOrigin&gt;-9998100&lt;/YOrigin&gt;&lt;XYScale&gt;10000&lt;/XYScale&gt;&lt;ZOrigin&gt;-100000&lt;/ZOrigin&gt;&lt;ZScale&gt;10000&lt;/ZScale&gt;&lt;MOrigin&gt;-100000&lt;/MOrigin&gt;&lt;MScale&gt;10000&lt;/MScale&gt;&lt;XYTolerance&gt;0.001&lt;/XYTolerance&gt;&lt;ZTolerance&gt;0.001&lt;/ZTolerance&gt;&lt;MTolerance&gt;0.001&lt;/MTolerance&gt;&lt;HighPrecision&gt;true&lt;/HighPrecision&gt;&lt;WKID&gt;26912&lt;/WKID&gt;&lt;LatestWKID&gt;26912&lt;/LatestWKID&gt;&lt;/ProjectedCoordinateSystem&gt;</peXml></coordRef><lineage><Process ToolSource="c:\program files (x86)\arcgis\desktop10.5\ArcToolbox\Toolboxes\Conversion Tools.tbx\FeatureClassToFeatureClass" Date="20180118" Time="115056">FeatureClassToFeatureClass web_GIS_data.DBO.GIS_Data_DBO_Statewide_CountyBoundary "Database Servers\MAGGIS-MAPS_SQLEXPRESS.gds\GIS_Data (VERSION:dbo.DEFAULT)\GIS_Data.DBO.Political_Boundaries" GIS_Data_DBO_Statewide_CountyBoundary_1 # "COUNTYNBR "COUNTYNBR" true true false 2 Text 0 0 ,First,#,web_GIS_data.DBO.GIS_Data_DBO_Statewide_CountyBoundary,COUNTYNBR,-1,-1;ENTITYNBR "ENTITYNBR" true true false 8 Double 8 38 ,First,#,web_GIS_data.DBO.GIS_Data_DBO_Statewide_CountyBoundary,ENTITYNBR,-1,-1;ENTITYYR "ENTITYYR" true true false 8 Double 8 38 ,First,#,web_GIS_data.DBO.GIS_Data_DBO_Statewide_CountyBoundary,ENTITYYR,-1,-1;NAME "NAME" true true false 100 Text 0 0 ,First,#,web_GIS_data.DBO.GIS_Data_DBO_Statewide_CountyBoundary,NAME,-1,-1;FIPS "FIPS" true true false 8 Double 8 38 ,First,#,web_GIS_data.DBO.GIS_Data_DBO_Statewide_CountyBoundary,FIPS,-1,-1;STATEPLANE "STATEPLANE" true true false 20 Text 0 0 ,First,#,web_GIS_data.DBO.GIS_Data_DBO_Statewide_CountyBoundary,STATEPLANE,-1,-1;POP_LASTCENSUS "POP_LASTCENSUS" true true false 4 Long 0 10 ,First,#,web_GIS_data.DBO.GIS_Data_DBO_Statewide_CountyBoundary,POP_LASTCENSUS,-1,-1;POP_CURRESTIMATE "POP_CURRESTIMATE" true true false 4 Long 0 10 ,First,#,web_GIS_data.DBO.GIS_Data_DBO_Statewide_CountyBoundary,POP_CURRESTIMATE,-1,-1;GlobalID "GlobalID" false false false 38 GlobalID 0 0 ,First,#,web_GIS_data.DBO.GIS_Data_DBO_Statewide_CountyBoundary,GlobalID,-1,-1;FIPS_STR "FIPS_STR" true true false 5 Text 0 0 ,First,#,web_GIS_data.DBO.GIS_Data_DBO_Statewide_CountyBoundary,FIPS_STR,-1,-1;COLOR4 "COLOR4" true true false 2 Short 0 5 ,First,#,web_GIS_data.DBO.GIS_Data_DBO_Statewide_CountyBoundary,COLOR4,-1,-1;Shape__Area "Shape__Area" true true false 8 Double 8 38 ,First,#,web_GIS_data.DBO.GIS_Data_DBO_Statewide_CountyBoundary,Shape__Area,-1,-1;Shape__Length "Shape__Length" true true false 8 Double 8 38 ,First,#,web_GIS_data.DBO.GIS_Data_DBO_Statewide_CountyBoundary,Shape__Length,-1,-1;Shape_STArea__ "Shape_STArea__" true true false 8 Double 8 38 ,First,#,web_GIS_data.DBO.GIS_Data_DBO_Statewide_CountyBoundary,Shape_STArea__,-1,-1;Shape_STLength__ "Shape_STLength__" true true false 8 Double 8 38 ,First,#,web_GIS_data.DBO.GIS_Data_DBO_Statewide_CountyBoundary,Shape_STLength__,-1,-1;Shape_STArea() "Shape_STArea()" false true true 0 Double 0 0 ,First,#,web_GIS_data.DBO.GIS_Data_DBO_Statewide_CountyBoundary,Shape.STArea(),-1,-1;Shape_STLength() "Shape_STLength()" false true true 0 Double 0 0 ,First,#,web_GIS_data.DBO.GIS_Data_DBO_Statewide_CountyBoundary,Shape.STLength(),-1,-1" #</Process><Process ToolSource="c:\program files\arcgis\pro\Resources\ArcToolbox\toolboxes\Conversion Tools.tbx\FeatureClassToFeatureClass" Date="20210104" Time="083311">FeatureClassToFeatureClass GIS_Data.DBO.Statewide_CountyBoundary "C:\Users\slawless\Desktop\Shapefile Export\MAGBoundaries.gdb" MAGRegion # "COUNTYNBR "COUNTYNBR" true true false 2 Text 0 0,First,#,GIS_Data.DBO.Statewide_CountyBoundary,COUNTYNBR,0,2;ENTITYNBR "ENTITYNBR" true true false 8 Double 8 38,First,#,GIS_Data.DBO.Statewide_CountyBoundary,ENTITYNBR,-1,-1;ENTITYYR "ENTITYYR" true true false 8 Double 8 38,First,#,GIS_Data.DBO.Statewide_CountyBoundary,ENTITYYR,-1,-1;NAME "NAME" true true false 100 Text 0 0,First,#,GIS_Data.DBO.Statewide_CountyBoundary,NAME,0,100;FIPS "FIPS" true true false 8 Double 8 38,First,#,GIS_Data.DBO.Statewide_CountyBoundary,FIPS,-1,-1;STATEPLANE "STATEPLANE" true true false 20 Text 0 0,First,#,GIS_Data.DBO.Statewide_CountyBoundary,STATEPLANE,0,20;POP_LASTCENSUS "POP_LASTCENSUS" true true false 4 Long 0 10,First,#,GIS_Data.DBO.Statewide_CountyBoundary,POP_LASTCENSUS,-1,-1;POP_CURRESTIMATE "POP_CURRESTIMATE" true true false 4 Long 0 10,First,#,GIS_Data.DBO.Statewide_CountyBoundary,POP_CURRESTIMATE,-1,-1;GlobalID "GlobalID" false false false 38 GlobalID 0 0,First,#,GIS_Data.DBO.Statewide_CountyBoundary,GlobalID,-1,-1;FIPS_STR "FIPS_STR" true true false 5 Text 0 0,First,#,GIS_Data.DBO.Statewide_CountyBoundary,FIPS_STR,0,5;COLOR4 "COLOR4" true true false 2 Short 0 5,First,#,GIS_Data.DBO.Statewide_CountyBoundary,COLOR4,-1,-1;Shape__Area "Shape__Area" true true false 8 Double 8 38,First,#,GIS_Data.DBO.Statewide_CountyBoundary,Shape__Area,-1,-1;Shape__Length "Shape__Length" true true false 8 Double 8 38,First,#,GIS_Data.DBO.Statewide_CountyBoundary,Shape__Length,-1,-1;Shape_STArea_1 "Shape_STArea_1" true true false 8 Double 8 38,First,#,GIS_Data.DBO.Statewide_CountyBoundary,Shape_STArea_1,-1,-1;Shape_STLength_1 "Shape_STLength_1" true true false 8 Double 8 38,First,#,GIS_Data.DBO.Statewide_CountyBoundary,Shape_STLength_1,-1,-1" #</Process><Process ToolSource="c:\program files\arcgis\pro\Resources\ArcToolbox\toolboxes\Analysis Tools.tbx\Erase" Date="20210104" Time="103250">Erase MAGRegion MAGRegion_LU_2021 "C:\Users\slawless\Desktop\S.Projects 2020\Projects\Land Use 2021\Land Use 2021.gdb\MAGRegion_Gaps" #</Process><Process ToolSource="c:\program files\arcgis\pro\Resources\ArcToolbox\toolboxes\Data Management Tools.tbx\UpdateSchema" Date="20210104" Time="103829">UpdateSchema "CIMDATA=&lt;CIMStandardDataConnection xsi:type='typens:CIMStandardDataConnection' xmlns:xsi='http://www.w3.org/2001/XMLSchema-instance' xmlns:xs='http://www.w3.org/2001/XMLSchema' xmlns:typens='http://www.esri.com/schemas/ArcGIS/2.6.0'&gt;&lt;WorkspaceConnectionString&gt;DATABASE=C:\Users\slawless\Desktop\S.Projects 2020\Projects\Land Use 2021\Land Use 2021.gdb&lt;/WorkspaceConnectionString&gt;&lt;WorkspaceFactory&gt;FileGDB&lt;/WorkspaceFactory&gt;&lt;Dataset&gt;MAGRegion_Gaps&lt;/Dataset&gt;&lt;DatasetType&gt;esriDTFeatureClass&lt;/DatasetType&gt;&lt;/CIMStandardDataConnection&gt;" &lt;operationSequence&gt;&lt;workflow&gt;&lt;AddField&gt;&lt;field_name&gt;Gap&lt;/field_name&gt;&lt;field_type&gt;LONG&lt;/field_type&gt;&lt;field_alias&gt;Gap&lt;/field_alias&gt;&lt;field_is_nullable&gt;True&lt;/field_is_nullable&gt;&lt;field_is_required&gt;False&lt;/field_is_required&gt;&lt;/AddField&gt;&lt;/workflow&gt;&lt;/operationSequence&gt;</Process><Process ToolSource="c:\program files\arcgis\pro\Resources\ArcToolbox\toolboxes\Data Management Tools.tbx\CalculateField" Date="20210104" Time="103843">CalculateField MAGRegion_Gaps Gap 1 "Python 3" # Text</Process><Process ToolSource="c:\program files\arcgis\pro\Resources\ArcToolbox\toolboxes\Data Management Tools.tbx\Merge" Date="20210104" Time="104006">Merge MAGRegion_Gaps;MAGRegion_LU_2021 "C:\Users\slawless\Desktop\S.Projects 2020\Projects\Land Use 2021\Land Use 2021.gdb\MAGRegion_LU_2020_wGaps" "Shape_Length "Shape_Length" false true true 8 Double 0 0,First,#,MAGRegion_Gaps,Shape_Length,-1,-1,MAGRegion_LU_2021,Shape_Length,-1,-1;Shape_Area "Shape_Area" false true true 8 Double 0 0,First,#,MAGRegion_Gaps,Shape_Area,-1,-1,MAGRegion_LU_2021,Shape_Area,-1,-1;Gap "Gap" true true false 4 Long 0 0,First,#,MAGRegion_Gaps,Gap,-1,-1;City "City" true true false 25 Text 0 0,First,#,MAGRegion_LU_2021,City,0,25;County "County" true true false 25 Text 0 0,First,#,MAGRegion_LU_2021,County,0,25;CityLUType "CityLUType" true true false 100 Text 0 0,First,#,MAGRegion_LU_2021,CityLUType,0,100;GenLUType "GenLUType" true true false 100 Text 0 0,First,#,MAGRegion_LU_2021,GenLUType,0,100;MaxDUA "MaxDUA" true true false 8 Double 0 0,First,#,MAGRegion_LU_2021,MaxDUA,-1,-1;PlanYear "PlanYear" true true false 4 Long 0 0,First,#,MAGRegion_LU_2021,PlanYear,-1,-1;PlanSource "PlanSource" true true false 254 Text 0 0,First,#,MAGRegion_LU_2021,PlanSource,0,254;DataSource "DataSource" true true false 254 Text 0 0,First,#,MAGRegion_LU_2021,DataSource,0,254;OBJECTID "OBJECTID" true true false 4 Long 0 0,First,#,MAGRegion_LU_2021,OBJECTID,-1,-1" NO_SOURCE_INFO</Process><Process ToolSource="c:\program files\arcgis\pro\Resources\ArcToolbox\toolboxes\Conversion Tools.tbx\FeatureClassToFeatureClass" Date="20210104" Time="155021">FeatureClassToFeatureClass MAGRegion_LU_2020_wGaps "C:\Users\slawless\Desktop\S.Projects 2020\Projects\Land Use 2021\Land Use 2021.gdb" MAGRegion_LU_2021 # "Gap "Gap" true true false 4 Long 0 0,First,#,MAGRegion_LU_2020_wGaps,Gap,-1,-1;City "City" true true false 25 Text 0 0,First,#,MAGRegion_LU_2020_wGaps,City,0,25;County "County" true true false 25 Text 0 0,First,#,MAGRegion_LU_2020_wGaps,County,0,25;CityLUType "CityLUType" true true false 100 Text 0 0,First,#,MAGRegion_LU_2020_wGaps,CityLUType,0,100;GenLUType "GenLUType" true true false 100 Text 0 0,First,#,MAGRegion_LU_2020_wGaps,GenLUType,0,100;MaxDUA "MaxDUA" true true false 8 Double 0 0,First,#,MAGRegion_LU_2020_wGaps,MaxDUA,-1,-1;PlanYear "PlanYear" true true false 4 Long 0 0,First,#,MAGRegion_LU_2020_wGaps,PlanYear,-1,-1;PlanSource "PlanSource" true true false 254 Text 0 0,First,#,MAGRegion_LU_2020_wGaps,PlanSource,0,254;DataSource "DataSource" true true false 254 Text 0 0,First,#,MAGRegion_LU_2020_wGaps,DataSource,0,254;OBJECTID "OBJECTID" true true false 4 Long 0 0,First,#,MAGRegion_LU_2020_wGaps,OBJECTID,-1,-1;Shape_Length "Shape_Length" false true true 8 Double 0 0,First,#,MAGRegion_LU_2020_wGaps,Shape_Length,-1,-1;Shape_Area "Shape_Area" false true true 8 Double 0 0,First,#,MAGRegion_LU_2020_wGaps,Shape_Area,-1,-1" #</Process><Process ToolSource="c:\program files\arcgis\pro\Resources\ArcToolbox\toolboxes\Conversion Tools.tbx\FeatureClassToFeatureClass" Date="20210104" Time="155200">FeatureClassToFeatureClass MAGRegion_LU_2021 "C:\Users\slawless\Desktop\Shapefile Export\MAG_LU_2021.gdb" MAGRegion_LU_2021 # "Gap "Gap" true true false 4 Long 0 0,First,#,MAGRegion_LU_2021,Gap,-1,-1;City "City" true true false 25 Text 0 0,First,#,MAGRegion_LU_2021,City,0,25;County "County" true true false 25 Text 0 0,First,#,MAGRegion_LU_2021,County,0,25;CityLUType "CityLUType" true true false 100 Text 0 0,First,#,MAGRegion_LU_2021,CityLUType,0,100;GenLUType "GenLUType" true true false 100 Text 0 0,First,#,MAGRegion_LU_2021,GenLUType,0,100;MaxDUA "MaxDUA" true true false 8 Double 0 0,First,#,MAGRegion_LU_2021,MaxDUA,-1,-1;PlanYear "PlanYear" true true false 4 Long 0 0,First,#,MAGRegion_LU_2021,PlanYear,-1,-1;PlanSource "PlanSource" true true false 254 Text 0 0,First,#,MAGRegion_LU_2021,PlanSource,0,254;DataSource "DataSource" true true false 254 Text 0 0,First,#,MAGRegion_LU_2021,DataSource,0,254;OBJECTID "OBJECTID" true true false 4 Long 0 0,First,#,MAGRegion_LU_2021,OBJECTID,-1,-1;Shape_Length "Shape_Length" false true true 8 Double 0 0,First,#,MAGRegion_LU_2021,Shape_Length,-1,-1;Shape_Area "Shape_Area" false true true 8 Double 0 0,First,#,MAGRegion_LU_2021,Shape_Area,-1,-1" #</Process><Process ToolSource="c:\program files (x86)\arcgis\desktop10.8\ArcToolbox\Toolboxes\Data Management Tools.tbx\Append" Date="20210105" Time="144012">Append MAGRegion_LU_20211 MAGRegion_LU_2021 NO_TEST "Gap "Gap" true true false 4 Long 0 0 ,First,#,MAGRegion_LU_20211,Gap,-1,-1;City "City" true true false 25 Text 0 0 ,First,#,MAGRegion_LU_20211,City,-1,-1;County "County" true true false 25 Text 0 0 ,First,#,MAGRegion_LU_20211,County,-1,-1;CityLUType "CityLUType" true true false 100 Text 0 0 ,First,#,MAGRegion_LU_20211,CityLUType,-1,-1;GenLUType "GenLUType" true true false 100 Text 0 0 ,First,#,MAGRegion_LU_20211,GenLUType,-1,-1;MaxDUA "MaxDUA" true true false 8 Double 0 0 ,First,#,MAGRegion_LU_20211,MaxDUA,-1,-1;PlanYear "PlanYear" true true false 4 Long 0 0 ,First,#,MAGRegion_LU_20211,PlanYear,-1,-1;PlanSource "PlanSource" true true false 254 Text 0 0 ,First,#,MAGRegion_LU_20211,PlanSource,-1,-1;DataSource "DataSource" true true false 254 Text 0 0 ,First,#,MAGRegion_LU_20211,DataSource,-1,-1;OBJECTID "OBJECTID" true true false 4 Long 0 0 ,First,#,MAGRegion_LU_20211,OBJECTID,-1,-1;Shape_Length "Shape_Length" false true true 8 Double 0 0 ,First,#,MAGRegion_LU_20211,Shape_Length,-1,-1;Shape_Area "Shape_Area" false true true 8 Double 0 0 ,First,#,MAGRegion_LU_20211,Shape_Area,-1,-1" #</Process><Process ToolSource="c:\program files (x86)\arcgis\desktop10.8\ArcToolbox\Toolboxes\Data Management Tools.tbx\CalculateField" Date="20210105" Time="153112">CalculateField MAGRegion_LU_2021 GenLUType "Open Space" VB #</Process><Process ToolSource="c:\program files (x86)\arcgis\desktop10.8\ArcToolbox\Toolboxes\Data Management Tools.tbx\DeleteFeatures" Date="20210119" Time="110611">DeleteFeatures "C:\Users\jared.delora\Desktop\Projects\General Plan Layer Update\For Sarah\MAG_LU_2021.gdb\LandUse\MAGRegion_LU_2021"</Process><Process ToolSource="c:\program files (x86)\arcgis\desktop10.8\ArcToolbox\Toolboxes\Data Management Tools.tbx\Append" Date="20210119" Time="111114">Append MAGRegion_LU_2021_1 MAGRegion_LU_2021 NO_TEST "Gap "Gap" true true false 4 Long 0 0 ,First,#,MAGRegion_LU_2021_1,Gap,-1,-1;City "City" true true false 25 Text 0 0 ,First,#,MAGRegion_LU_2021_1,City,-1,-1;County "County" true true false 25 Text 0 0 ,First,#,MAGRegion_LU_2021_1,County,-1,-1;CityLUType "CityLUType" true true false 100 Text 0 0 ,First,#,MAGRegion_LU_2021_1,CityLUType,-1,-1;GenLUType "GenLUType" true true false 100 Text 0 0 ,First,#,MAGRegion_LU_2021_1,GenLUType,-1,-1;MaxDUA "MaxDUA" true true false 8 Double 0 0 ,First,#,MAGRegion_LU_2021_1,MaxDUA,-1,-1;PlanYear "PlanYear" true true false 4 Long 0 0 ,First,#,MAGRegion_LU_2021_1,PlanYear,-1,-1;PlanSource "PlanSource" true true false 254 Text 0 0 ,First,#,MAGRegion_LU_2021_1,PlanSource,-1,-1;DataSource "DataSource" true true false 254 Text 0 0 ,First,#,MAGRegion_LU_2021_1,DataSource,-1,-1;OBJECTID "OBJECTID" true true false 4 Long 0 0 ,First,#,MAGRegion_LU_2021_1,OBJECTID,-1,-1;Shape_Length "Shape_Length" false true true 8 Double 0 0 ,First,#,MAGRegion_LU_2021_1,Shape_Length,-1,-1;Shape_Area "Shape_Area" false true true 8 Double 0 0 ,First,#,MAGRegion_LU_2021_1,Shape_Area,-1,-1" #</Process><Process ToolSource="c:\program files (x86)\arcgis\desktop10.8\ArcToolbox\Toolboxes\Data Management Tools.tbx\Append" Date="20210119" Time="113825">Append SuWa_LU_1192021 MAGRegion_LU_2021 NO_TEST "Gap "Gap" true true false 4 Long 0 0 ,First,#,SuWa_LU_1192021,Gap,-1,-1;City "City" true true false 25 Text 0 0 ,First,#,SuWa_LU_1192021,City,-1,-1;County "County" true true false 25 Text 0 0 ,First,#,SuWa_LU_1192021,County,-1,-1;CityLUType "CityLUType" true true false 100 Text 0 0 ,First,#,SuWa_LU_1192021,CityLUType,-1,-1;GenLUType "GenLUType" true true false 100 Text 0 0 ,First,#,SuWa_LU_1192021,GenLUType,-1,-1;MaxDUA "MaxDUA" true true false 8 Double 0 0 ,First,#,SuWa_LU_1192021,MaxDUA,-1,-1;PlanYear "PlanYear" true true false 4 Long 0 0 ,First,#,SuWa_LU_1192021,PlanYear,-1,-1;PlanSource "PlanSource" true true false 254 Text 0 0 ,First,#,SuWa_LU_1192021,PlanSource,-1,-1;DataSource "DataSource" true true false 254 Text 0 0 ,First,#,SuWa_LU_1192021,DataSource,-1,-1;OBJECTID "OBJECTID" true true false 4 Long 0 0 ,First,#,SuWa_LU_1192021,OBJECTID,-1,-1;Shape_Length "Shape_Length" false true true 8 Double 0 0 ,First,#,SuWa_LU_1192021,Shape_Length,-1,-1;Shape_Area "Shape_Area" false true true 8 Double 0 0 ,First,#,SuWa_LU_1192021,Shape_Area,-1,-1" #</Process><Process ToolSource="c:\program files (x86)\arcgis\desktop10.8\ArcToolbox\Toolboxes\Data Management Tools.tbx\CalculateField" Date="20210119" Time="115711">CalculateField MAGRegion_LU_2021 City "Utah County" VB #</Process><Process ToolSource="c:\program files (x86)\arcgis\desktop10.8\ArcToolbox\Toolboxes\Data Management Tools.tbx\CalculateField" Date="20210211" Time="092740">CalculateField MAGRegion_LU_2021 GenLUType "Agricultural" VB #</Process><Process ToolSource="c:\program files (x86)\arcgis\desktop10.8\ArcToolbox\Toolboxes\Data Management Tools.tbx\Append" Date="20210218" Time="140248">Append UtahCounty MAGRegion_LU_2021 NO_TEST "Gap "Gap" true true false 4 Long 0 0 ,First,#,UtahCounty,Gap,-1,-1;City "City" true true false 25 Text 0 0 ,First,#,UtahCounty,City,-1,-1;County "County" true true false 25 Text 0 0 ,First,#,UtahCounty,County,-1,-1;CityLUType "CityLUType" true true false 100 Text 0 0 ,First,#,UtahCounty,CityLUType,-1,-1;GenLUType "GenLUType" true true false 100 Text 0 0 ,First,#,UtahCounty,GenLUType,-1,-1;MaxDUA "MaxDUA" true true false 8 Double 0 0 ,First,#,UtahCounty,MaxDUA,-1,-1;PlanYear "PlanYear" true true false 4 Long 0 0 ,First,#,UtahCounty,PlanYear,-1,-1;PlanSource "PlanSource" true true false 254 Text 0 0 ,First,#,UtahCounty,PlanSource,-1,-1;DataSource "DataSource" true true false 254 Text 0 0 ,First,#,UtahCounty,DataSource,-1,-1;OBJECTID "OBJECTID" true true false 4 Long 0 0 ,First,#,UtahCounty,OBJECTID,-1,-1;Shape_Length "Shape_Length" false true true 8 Double 0 0 ,First,#,UtahCounty,Shape_Length,-1,-1;Shape_Area "Shape_Area" false true true 8 Double 0 0 ,First,#,UtahCounty,Shape_Area,-1,-1" #</Process><Process ToolSource="c:\program files (x86)\arcgis\desktop10.8\ArcToolbox\Toolboxes\Data Management Tools.tbx\CalculateField" Date="20210224" Time="113517">CalculateField MAGRegion_LU_2021 DataSource "https://paysonutah.org/storage/2016/05/General-Plan-2020.pdf" VB #</Process><Process ToolSource="c:\program files (x86)\arcgis\desktop10.6\ArcToolbox\Toolboxes\Data Management Tools.tbx\CalculateField" Date="20210224" Time="120549">CalculateField MAGRegion_LU_2021 MaxDUA .025 VB #</Process><Process ToolSource="c:\program files (x86)\arcgis\desktop10.6\ArcToolbox\Toolboxes\Data Management Tools.tbx\CalculateField" Date="20210224" Time="120604">CalculateField MAGRegion_LU_2021 MaxDUA .33 VB #</Process><Process ToolSource="c:\program files (x86)\arcgis\desktop10.6\ArcToolbox\Toolboxes\Data Management Tools.tbx\CalculateField" Date="20210224" Time="120708">CalculateField MAGRegion_LU_2021 GenLUType "Mixed Use" VB #</Process><Process ToolSource="c:\program files (x86)\arcgis\desktop10.6\ArcToolbox\Toolboxes\Data Management Tools.tbx\CalculateField" Date="20210224" Time="120914">CalculateField MAGRegion_LU_2021 GenLUType "Mixed Use" VB #</Process><Process ToolSource="c:\program files (x86)\arcgis\desktop10.6\ArcToolbox\Toolboxes\Data Management Tools.tbx\CalculateField" Date="20210224" Time="121000">CalculateField MAGRegion_LU_2021 GenLUType "Mixed Use" VB #</Process><Process ToolSource="c:\program files (x86)\arcgis\desktop10.6\ArcToolbox\Toolboxes\Data Management Tools.tbx\CalculateField" Date="20210224" Time="121518">CalculateField MAGRegion_LU_2021 GenLUType "Mixed Use" VB #</Process><Process ToolSource="c:\program files (x86)\arcgis\desktop10.6\ArcToolbox\Toolboxes\Data Management Tools.tbx\CalculateField" Date="20210224" Time="122256">CalculateField MAGRegion_LU_2021 GenLUType "Business Park" VB #</Process><Process ToolSource="c:\program files (x86)\arcgis\desktop10.6\ArcToolbox\Toolboxes\Data Management Tools.tbx\CalculateField" Date="20210224" Time="122610">CalculateField MAGRegion_LU_2021 GenLUType "Business Park" VB #</Process><Process ToolSource="c:\program files (x86)\arcgis\desktop10.6\ArcToolbox\Toolboxes\Data Management Tools.tbx\CalculateField" Date="20210224" Time="122631">CalculateField MAGRegion_LU_2021 GenLUType "Business Park" VB #</Process><Process ToolSource="c:\program files (x86)\arcgis\desktop10.6\ArcToolbox\Toolboxes\Data Management Tools.tbx\CalculateField" Date="20210225" Time="092127">CalculateField MAGRegion_LU_2021 GenLUType "Commercial" VB #</Process><Process ToolSource="c:\program files (x86)\arcgis\desktop10.4\ArcToolbox\Toolboxes\Data Management Tools.tbx\CalculateField" Date="20210504" Time="081552">CalculateField MAGRegion_LU_2021 County "Utah" VB #</Process><Process ToolSource="c:\program files (x86)\arcgis\desktop10.4\ArcToolbox\Toolboxes\Data Management Tools.tbx\CalculateField" Date="20210504" Time="081620">CalculateField MAGRegion_LU_2021 MaxDUA .1 VB #</Process><Process ToolSource="c:\program files (x86)\arcgis\desktop10.4\ArcToolbox\Toolboxes\Data Management Tools.tbx\CalculateField" Date="20210504" Time="082056">CalculateField MAGRegion_LU_2021 MaxDUA .2 VB #</Process><Process ToolSource="c:\program files (x86)\arcgis\desktop10.4\ArcToolbox\Toolboxes\Data Management Tools.tbx\CalculateField" Date="20210504" Time="082407">CalculateField MAGRegion_LU_2021 GenLUType "Mixed Use" VB #</Process><Process ToolSource="c:\program files (x86)\arcgis\desktop10.4\ArcToolbox\Toolboxes\Data Management Tools.tbx\CalculateField" Date="20210504" Time="082614">CalculateField MAGRegion_LU_2021 notes "I guessed the density" VB #</Process><Process ToolSource="c:\program files (x86)\arcgis\desktop10.4\ArcToolbox\Toolboxes\Data Management Tools.tbx\CalculateField" Date="20210504" Time="082732">CalculateField MAGRegion_LU_2021 notes "I guessed the density" VB #</Process><Process ToolSource="c:\program files (x86)\arcgis\desktop10.4\ArcToolbox\Toolboxes\Data Management Tools.tbx\CalculateField" Date="20210504" Time="082738">CalculateField MAGRegion_LU_2021 MaxDUA 12 VB #</Process><Process ToolSource="c:\program files (x86)\arcgis\desktop10.4\ArcToolbox\Toolboxes\Data Management Tools.tbx\CalculateField" Date="20210504" Time="082816">CalculateField MAGRegion_LU_2021 MaxDUA 60 VB #</Process><Process ToolSource="c:\program files (x86)\arcgis\desktop10.4\ArcToolbox\Toolboxes\Data Management Tools.tbx\CalculateField" Date="20210504" Time="082827">CalculateField MAGRegion_LU_2021 notes "I guessed the density" VB #</Process><Process ToolSource="c:\program files (x86)\arcgis\desktop10.4\ArcToolbox\Toolboxes\Data Management Tools.tbx\CalculateField" Date="20210504" Time="082854">CalculateField MAGRegion_LU_2021 notes "I guessed the density" VB #</Process><Process ToolSource="c:\program files (x86)\arcgis\desktop10.4\ArcToolbox\Toolboxes\Data Management Tools.tbx\CalculateField" Date="20210504" Time="082859">CalculateField MAGRegion_LU_2021 MaxDUA 30 VB #</Process><Process ToolSource="c:\program files (x86)\arcgis\desktop10.4\ArcToolbox\Toolboxes\Data Management Tools.tbx\CalculateField" Date="20210504" Time="082925">CalculateField MAGRegion_LU_2021 notes "I guessed the density" VB #</Process><Process ToolSource="c:\program files (x86)\arcgis\desktop10.4\ArcToolbox\Toolboxes\Data Management Tools.tbx\CalculateField" Date="20210504" Time="082933">CalculateField MAGRegion_LU_2021 MaxDUA 12 VB #</Process><Process ToolSource="c:\program files (x86)\arcgis\desktop10.4\ArcToolbox\Toolboxes\Data Management Tools.tbx\CalculateField" Date="20210504" Time="083010">CalculateField MAGRegion_LU_2021 MaxDUA 20 VB #</Process><Process ToolSource="c:\program files (x86)\arcgis\desktop10.4\ArcToolbox\Toolboxes\Data Management Tools.tbx\CalculateField" Date="20210504" Time="083015">CalculateField MAGRegion_LU_2021 notes "I guessed the density" VB #</Process><Process ToolSource="c:\program files (x86)\arcgis\desktop10.4\ArcToolbox\Toolboxes\Data Management Tools.tbx\CalculateField" Date="20210504" Time="083133">CalculateField MAGRegion_LU_2021 MaxDUA 20 VB #</Process><Process ToolSource="c:\program files (x86)\arcgis\desktop10.4\ArcToolbox\Toolboxes\Data Management Tools.tbx\CalculateField" Date="20210504" Time="083138">CalculateField MAGRegion_LU_2021 notes "I guessed the density" VB #</Process><Process ToolSource="c:\program files (x86)\arcgis\desktop10.4\ArcToolbox\Toolboxes\Data Management Tools.tbx\CalculateField" Date="20210504" Time="083216">CalculateField MAGRegion_LU_2021 MaxDUA 20 VB #</Process><Process ToolSource="c:\program files (x86)\arcgis\desktop10.4\ArcToolbox\Toolboxes\Data Management Tools.tbx\CalculateField" Date="20210504" Time="083221">CalculateField MAGRegion_LU_2021 notes "I guessed the density" VB #</Process><Process ToolSource="c:\program files (x86)\arcgis\desktop10.4\ArcToolbox\Toolboxes\Data Management Tools.tbx\CalculateField" Date="20210504" Time="083259">CalculateField MAGRegion_LU_2021 notes "I guessed the density" VB #</Process><Process ToolSource="c:\program files (x86)\arcgis\desktop10.4\ArcToolbox\Toolboxes\Data Management Tools.tbx\CalculateField" Date="20210504" Time="083306">CalculateField MAGRegion_LU_2021 MaxDUA 5 VB #</Process><Process ToolSource="c:\program files (x86)\arcgis\desktop10.4\ArcToolbox\Toolboxes\Data Management Tools.tbx\CalculateField" Date="20210504" Time="083334">CalculateField MAGRegion_LU_2021 MaxDUA 5 VB #</Process><Process ToolSource="c:\program files (x86)\arcgis\desktop10.4\ArcToolbox\Toolboxes\Data Management Tools.tbx\CalculateField" Date="20210504" Time="083341">CalculateField MAGRegion_LU_2021 MaxDUA 20 VB #</Process><Process ToolSource="c:\program files (x86)\arcgis\desktop10.4\ArcToolbox\Toolboxes\Data Management Tools.tbx\CalculateField" Date="20210504" Time="083353">CalculateField MAGRegion_LU_2021 notes "I guessed the density" VB #</Process><Process ToolSource="c:\program files (x86)\arcgis\desktop10.4\ArcToolbox\Toolboxes\Data Management Tools.tbx\CalculateField" Date="20210504" Time="083433">CalculateField MAGRegion_LU_2021 notes "I guessed the density" VB #</Process><Process ToolSource="c:\program files (x86)\arcgis\desktop10.4\ArcToolbox\Toolboxes\Data Management Tools.tbx\CalculateField" Date="20210504" Time="083438">CalculateField MAGRegion_LU_2021 MaxDUA 12 VB #</Process><Process ToolSource="c:\program files (x86)\arcgis\desktop10.4\ArcToolbox\Toolboxes\Data Management Tools.tbx\CalculateField" Date="20210504" Time="083522">CalculateField MAGRegion_LU_2021 GenLUType "Commercial" VB #</Process><Process ToolSource="c:\program files (x86)\arcgis\desktop10.4\ArcToolbox\Toolboxes\Data Management Tools.tbx\CalculateField" Date="20210504" Time="083609">CalculateField MAGRegion_LU_2021 GenLUType "Business Park" VB #</Process><Process ToolSource="c:\program files (x86)\arcgis\desktop10.4\ArcToolbox\Toolboxes\Data Management Tools.tbx\CalculateField" Date="20210504" Time="083656">CalculateField MAGRegion_LU_2021 notes "I guessed the density" VB #</Process><Process ToolSource="c:\program files (x86)\arcgis\desktop10.4\ArcToolbox\Toolboxes\Data Management Tools.tbx\CalculateField" Date="20210504" Time="083703">CalculateField MAGRegion_LU_2021 MaxDUA 8 VB #</Process><Process ToolSource="c:\program files (x86)\arcgis\desktop10.4\ArcToolbox\Toolboxes\Data Management Tools.tbx\CalculateField" Date="20210504" Time="083738">CalculateField MAGRegion_LU_2021 MaxDUA 40 VB #</Process><Process ToolSource="c:\program files (x86)\arcgis\desktop10.4\ArcToolbox\Toolboxes\Data Management Tools.tbx\CalculateField" Date="20210504" Time="083743">CalculateField MAGRegion_LU_2021 notes "I guessed the density" VB #</Process><Process ToolSource="c:\program files (x86)\arcgis\desktop10.4\ArcToolbox\Toolboxes\Data Management Tools.tbx\CalculateField" Date="20210504" Time="083802">CalculateField MAGRegion_LU_2021 notes "I guessed the density" VB #</Process><Process ToolSource="c:\program files (x86)\arcgis\desktop10.4\ArcToolbox\Toolboxes\Data Management Tools.tbx\CalculateField" Date="20210504" Time="083827">CalculateField MAGRegion_LU_2021 MaxDUA 20 VB #</Process><Process ToolSource="c:\program files (x86)\arcgis\desktop10.4\ArcToolbox\Toolboxes\Data Management Tools.tbx\CalculateField" Date="20210504" Time="083905">CalculateField MAGRegion_LU_2021 MaxDUA 0 VB #</Process><Process ToolSource="c:\program files (x86)\arcgis\desktop10.4\ArcToolbox\Toolboxes\Data Management Tools.tbx\CalculateField" Date="20210504" Time="084011">CalculateField MAGRegion_LU_2021 MaxDUA .1 VB #</Process><Process ToolSource="c:\program files (x86)\arcgis\desktop10.4\ArcToolbox\Toolboxes\Data Management Tools.tbx\CalculateField" Date="20210504" Time="084111">CalculateField MAGRegion_LU_2021 notes "I guessed the density" VB #</Process><Process ToolSource="c:\program files (x86)\arcgis\desktop10.4\ArcToolbox\Toolboxes\Data Management Tools.tbx\CalculateField" Date="20210504" Time="084116">CalculateField MAGRegion_LU_2021 MaxDUA 20 VB #</Process><Process ToolSource="c:\program files (x86)\arcgis\desktop10.4\ArcToolbox\Toolboxes\Data Management Tools.tbx\CalculateField" Date="20210504" Time="084148">CalculateField MAGRegion_LU_2021 MaxDUA 20 VB #</Process><Process ToolSource="c:\program files (x86)\arcgis\desktop10.4\ArcToolbox\Toolboxes\Data Management Tools.tbx\CalculateField" Date="20210504" Time="084152">CalculateField MAGRegion_LU_2021 notes "I guessed the density" VB #</Process><Process ToolSource="c:\program files (x86)\arcgis\desktop10.4\ArcToolbox\Toolboxes\Data Management Tools.tbx\CalculateField" Date="20210504" Time="084223">CalculateField MAGRegion_LU_2021 notes "I guessed the density" VB #</Process><Process ToolSource="c:\program files (x86)\arcgis\desktop10.4\ArcToolbox\Toolboxes\Data Management Tools.tbx\CalculateField" Date="20210504" Time="084227">CalculateField MAGRegion_LU_2021 MaxDUA 3 VB #</Process><Process ToolSource="c:\program files (x86)\arcgis\desktop10.4\ArcToolbox\Toolboxes\Data Management Tools.tbx\CalculateField" Date="20210504" Time="084320">CalculateField MAGRegion_LU_2021 MaxDUA 5 VB #</Process><Process ToolSource="c:\program files (x86)\arcgis\desktop10.4\ArcToolbox\Toolboxes\Data Management Tools.tbx\CalculateField" Date="20210504" Time="084324">CalculateField MAGRegion_LU_2021 notes "I guessed the density" VB #</Process><Process ToolSource="c:\program files (x86)\arcgis\desktop10.4\ArcToolbox\Toolboxes\Data Management Tools.tbx\CalculateField" Date="20210504" Time="084407">CalculateField MAGRegion_LU_2021 notes "I guessed the density" VB #</Process><Process ToolSource="c:\program files (x86)\arcgis\desktop10.4\ArcToolbox\Toolboxes\Data Management Tools.tbx\CalculateField" Date="20210504" Time="084413">CalculateField MAGRegion_LU_2021 MaxDUA 8 VB #</Process><Process ToolSource="c:\program files (x86)\arcgis\desktop10.4\ArcToolbox\Toolboxes\Data Management Tools.tbx\CalculateField" Date="20210504" Time="084451">CalculateField MAGRegion_LU_2021 notes "I guessed the density" VB #</Process><Process ToolSource="c:\program files (x86)\arcgis\desktop10.4\ArcToolbox\Toolboxes\Data Management Tools.tbx\CalculateField" Date="20210504" Time="084456">CalculateField MAGRegion_LU_2021 MaxDUA 10 VB #</Process><Process ToolSource="c:\program files (x86)\arcgis\desktop10.4\ArcToolbox\Toolboxes\Data Management Tools.tbx\CalculateField" Date="20210504" Time="084555">CalculateField MAGRegion_LU_2021 MaxDUA 12 VB #</Process><Process ToolSource="c:\program files (x86)\arcgis\desktop10.4\ArcToolbox\Toolboxes\Data Management Tools.tbx\CalculateField" Date="20210504" Time="084559">CalculateField MAGRegion_LU_2021 notes "I guessed the density" VB #</Process><Process ToolSource="c:\program files (x86)\arcgis\desktop10.4\ArcToolbox\Toolboxes\Data Management Tools.tbx\CalculateField" Date="20210504" Time="084631">CalculateField MAGRegion_LU_2021 GenLUType "Mixed Use" VB #</Process><Process ToolSource="c:\program files (x86)\arcgis\desktop10.4\ArcToolbox\Toolboxes\Data Management Tools.tbx\CalculateField" Date="20210504" Time="084638">CalculateField MAGRegion_LU_2021 MaxDUA 12 VB #</Process><Process ToolSource="c:\program files (x86)\arcgis\desktop10.4\ArcToolbox\Toolboxes\Data Management Tools.tbx\CalculateField" Date="20210504" Time="084645">CalculateField MAGRegion_LU_2021 notes "I guessed the density" VB #</Process><Process ToolSource="c:\program files (x86)\arcgis\desktop10.4\ArcToolbox\Toolboxes\Data Management Tools.tbx\CalculateField" Date="20210504" Time="084719">CalculateField MAGRegion_LU_2021 MaxDUA 10 VB #</Process><Process ToolSource="c:\program files (x86)\arcgis\desktop10.4\ArcToolbox\Toolboxes\Data Management Tools.tbx\CalculateField" Date="20210504" Time="084723">CalculateField MAGRegion_LU_2021 notes "I guessed the density" VB #</Process><Process ToolSource="c:\program files (x86)\arcgis\desktop10.4\ArcToolbox\Toolboxes\Data Management Tools.tbx\CalculateField" Date="20210504" Time="084814">CalculateField MAGRegion_LU_2021 notes "I guessed the density" VB #</Process><Process ToolSource="c:\program files (x86)\arcgis\desktop10.4\ArcToolbox\Toolboxes\Data Management Tools.tbx\CalculateField" Date="20210504" Time="084823">CalculateField MAGRegion_LU_2021 MaxDUA .5 VB #</Process><Process ToolSource="c:\program files (x86)\arcgis\desktop10.4\ArcToolbox\Toolboxes\Data Management Tools.tbx\CalculateField" Date="20210504" Time="084909">CalculateField MAGRegion_LU_2021 GenLUType "Mixed Use" VB #</Process><Process ToolSource="c:\program files (x86)\arcgis\desktop10.4\ArcToolbox\Toolboxes\Data Management Tools.tbx\CalculateField" Date="20210504" Time="084932">CalculateField MAGRegion_LU_2021 notes "I guessed the density" VB #</Process><Process ToolSource="c:\program files (x86)\arcgis\desktop10.4\ArcToolbox\Toolboxes\Data Management Tools.tbx\CalculateField" Date="20210504" Time="084939">CalculateField MAGRegion_LU_2021 MaxDUA 20 VB #</Process><Process ToolSource="c:\program files (x86)\arcgis\desktop10.4\ArcToolbox\Toolboxes\Data Management Tools.tbx\CalculateField" Date="20210504" Time="085034">CalculateField MAGRegion_LU_2021 GenLUType "Mixed Use" VB #</Process><Process ToolSource="c:\program files (x86)\arcgis\desktop10.4\ArcToolbox\Toolboxes\Data Management Tools.tbx\CalculateField" Date="20210504" Time="085041">CalculateField MAGRegion_LU_2021 MaxDUA 8 VB #</Process><Process ToolSource="c:\program files (x86)\arcgis\desktop10.4\ArcToolbox\Toolboxes\Data Management Tools.tbx\CalculateField" Date="20210504" Time="085048">CalculateField MAGRegion_LU_2021 MaxDUA 6 VB #</Process><Process ToolSource="c:\program files (x86)\arcgis\desktop10.4\ArcToolbox\Toolboxes\Data Management Tools.tbx\CalculateField" Date="20210504" Time="085053">CalculateField MAGRegion_LU_2021 notes "I guessed the density" VB #</Process><Process ToolSource="c:\program files (x86)\arcgis\desktop10.4\ArcToolbox\Toolboxes\Data Management Tools.tbx\CalculateField" Date="20210504" Time="085649">CalculateField MAG_Policy_2021_REMM MaxDUA 6 VB #</Process><Process ToolSource="c:\program files (x86)\arcgis\desktop10.4\ArcToolbox\Toolboxes\Data Management Tools.tbx\CalculateField" Date="20210504" Time="085730">CalculateField MAG_Policy_2021_REMM MaxDUA 4.5 VB #</Process><Process ToolSource="c:\program files (x86)\arcgis\desktop10.4\ArcToolbox\Toolboxes\Data Management Tools.tbx\CalculateField" Date="20210504" Time="085737">CalculateField MAG_Policy_2021_REMM MaxDUA 4.5 VB #</Process><Process ToolSource="c:\program files (x86)\arcgis\desktop10.4\ArcToolbox\Toolboxes\Data Management Tools.tbx\CalculateField" Date="20210504" Time="085808">CalculateField MAG_Policy_2021_REMM MaxDUA 1 VB #</Process><Process ToolSource="c:\program files (x86)\arcgis\desktop10.4\ArcToolbox\Toolboxes\Data Management Tools.tbx\CalculateField" Date="20210504" Time="085820">CalculateField MAG_Policy_2021_REMM MaxDUA 3 VB #</Process><Process ToolSource="c:\program files (x86)\arcgis\desktop10.4\ArcToolbox\Toolboxes\Data Management Tools.tbx\CalculateField" Date="20210504" Time="085839">CalculateField MAG_Policy_2021_REMM MaxDUA 8 VB #</Process><Process ToolSource="c:\program files (x86)\arcgis\desktop10.4\ArcToolbox\Toolboxes\Data Management Tools.tbx\CalculateField" Date="20210504" Time="085904">CalculateField MAG_Policy_2021_REMM MaxDUA 3 VB #</Process><Process ToolSource="c:\program files (x86)\arcgis\desktop10.4\ArcToolbox\Toolboxes\Data Management Tools.tbx\CalculateField" Date="20210504" Time="085913">CalculateField MAG_Policy_2021_REMM MaxDUA 3 VB #</Process><Process ToolSource="c:\program files (x86)\arcgis\desktop10.4\ArcToolbox\Toolboxes\Data Management Tools.tbx\CalculateField" Date="20210504" Time="085944">CalculateField MAG_Policy_2021_REMM MaxDUA 3 VB #</Process><Process ToolSource="c:\program files (x86)\arcgis\desktop10.4\ArcToolbox\Toolboxes\Data Management Tools.tbx\CalculateField" Date="20210504" Time="090039">CalculateField MAG_Policy_2021_REMM MaxDUA 1 VB #</Process><Process ToolSource="c:\program files (x86)\arcgis\desktop10.4\ArcToolbox\Toolboxes\Data Management Tools.tbx\CalculateField" Date="20210504" Time="090057">CalculateField MAG_Policy_2021_REMM MaxDUA 2 VB #</Process><Process ToolSource="c:\program files (x86)\arcgis\desktop10.4\ArcToolbox\Toolboxes\Data Management Tools.tbx\CalculateField" Date="20210504" Time="090127">CalculateField MAG_Policy_2021_REMM MaxDUA 3 VB #</Process><Process ToolSource="c:\program files (x86)\arcgis\desktop10.4\ArcToolbox\Toolboxes\Data Management Tools.tbx\CalculateField" Date="20210504" Time="090620">CalculateField MAG_Policy_2021_REMM MaxDUA 2 VB #</Process><Process ToolSource="c:\program files (x86)\arcgis\desktop10.4\ArcToolbox\Toolboxes\Data Management Tools.tbx\CalculateField" Date="20210504" Time="090638">CalculateField MAG_Policy_2021_REMM MaxDUA 4 VB #</Process><Process ToolSource="c:\program files (x86)\arcgis\desktop10.4\ArcToolbox\Toolboxes\Data Management Tools.tbx\CalculateField" Date="20210504" Time="090751">CalculateField MAG_Policy_2021_REMM MaxDUA 4 VB #</Process></lineage></DataProperties><SyncDate>20210104</SyncDate><SyncTime>15520000</SyncTime><ModDate>20210104</ModDate><ModTime>15520000</ModTime></Esri><dataIdInfo><envirDesc Sync="TRUE">Microsoft Windows 10 Version 10.0 (Build 19041) ; Esri ArcGIS 12.6.0.24783</envirDesc><dataLang><languageCode value="eng" Sync="TRUE"/><countryCode value="USA" Sync="TRUE"/></dataLang><idCitation><resTitle Sync="TRUE">MAGRegion_LU_2021</resTitle><presForm><PresFormCd value="005" Sync="TRUE"/></presForm></idCitation><spatRpType><SpatRepTypCd value="001" Sync="TRUE"/></spatRpType><dataExt><geoEle><GeoBndBox esriExtentType="search"><exTypeCode Sync="TRUE">1</exTypeCode><westBL Sync="TRUE">-114.276444</westBL><eastBL Sync="TRUE">-108.899225</eastBL><northBL Sync="TRUE">42.034185</northBL><southBL Sync="TRUE">36.959686</southBL></GeoBndBox></geoEle></dataExt></dataIdInfo><mdLang><languageCode value="eng" Sync="TRUE"/><countryCode value="USA" Sync="TRUE"/></mdLang><distInfo><distFormat><formatName Sync="TRUE">File Geodatabase Feature Class</formatName></distFormat></distInfo><mdHrLv><ScopeCd value="005" Sync="TRUE"/></mdHrLv><mdHrLvName Sync="TRUE">dataset</mdHrLvName><refSysInfo><RefSystem><refSysID><identCode code="26912" Sync="TRUE"/><idCodeSpace Sync="TRUE">EPSG</idCodeSpace><idVersion Sync="TRUE">6.13(3.0.1)</idVersion></refSysID></RefSystem></refSysInfo><spatRepInfo><VectSpatRep><geometObjs Name="MAGRegion_LU_2021"><geoObjTyp><GeoObjTypCd value="002" Sync="TRUE"></GeoObjTypCd></geoObjTyp><geoObjCnt Sync="TRUE">0</geoObjCnt></geometObjs><topLvl><TopoLevCd value="001" Sync="TRUE"></TopoLevCd></topLvl></VectSpatRep></spatRepInfo><spdoinfo><ptvctinf><esriterm Name="MAGRegion_LU_2021"><efeatyp Sync="TRUE">Simple</efeatyp><efeageom code="4" Sync="TRUE"></efeageom><esritopo Sync="TRUE">FALSE</esritopo><efeacnt Sync="TRUE">0</efeacnt><spindex Sync="TRUE">TRUE</spindex><linrefer Sync="TRUE">FALSE</linrefer></esriterm></ptvctinf></spdoinfo><eainfo><detailed Name="MAGRegion_LU_2021"><enttyp><enttypl Sync="TRUE">MAGRegion_LU_2021</enttypl><enttypt Sync="TRUE">Feature Class</enttypt><enttypc Sync="TRUE">0</enttypc></enttyp><attr><attrlabl Sync="TRUE">OBJECTID_1</attrlabl><attalias Sync="TRUE">OBJECTID_1</attalias><attrtype Sync="TRUE">OID</attrtype><attwidth Sync="TRUE">4</attwidth><atprecis Sync="TRUE">0</atprecis><attscale Sync="TRUE">0</attscale><attrdef Sync="TRUE">Internal feature number.</attrdef><attrdefs Sync="TRUE">Esri</attrdefs><attrdomv><udom Sync="TRUE">Sequential unique whole numbers that are automatically generated.</udom></attrdomv></attr><attr><attrlabl Sync="TRUE">OBJECTID</attrlabl><attalias Sync="TRUE">OBJECTID</attalias><attrtype Sync="TRUE">Integer</attrtype><attwidth Sync="TRUE">4</attwidth><atprecis Sync="TRUE">0</atprecis><attscale Sync="TRUE">0</attscale><attrdef Sync="TRUE">Internal feature number.</attrdef><attrdefs Sync="TRUE">Esri</attrdefs><attrdomv><udom Sync="TRUE">Sequential unique whole numbers that are automatically generated.</udom></attrdomv></attr><attr><attrlabl Sync="TRUE">Gap</attrlabl><attalias Sync="TRUE">Gap</attalias><attrtype Sync="TRUE">Integer</attrtype><attwidth Sync="TRUE">4</attwidth><atprecis Sync="TRUE">0</atprecis><attscale Sync="TRUE">0</attscale></attr><attr><attrlabl Sync="TRUE">City</attrlabl><attalias Sync="TRUE">City</attalias><attrtype Sync="TRUE">String</attrtype><attwidth Sync="TRUE">25</attwidth><atprecis Sync="TRUE">0</atprecis><attscale Sync="TRUE">0</attscale></attr><attr><attrlabl Sync="TRUE">County</attrlabl><attalias Sync="TRUE">County</attalias><attrtype Sync="TRUE">String</attrtype><attwidth Sync="TRUE">25</attwidth><atprecis Sync="TRUE">0</atprecis><attscale Sync="TRUE">0</attscale></attr><attr><attrlabl Sync="TRUE">CityLUType</attrlabl><attalias Sync="TRUE">CityLUType</attalias><attrtype Sync="TRUE">String</attrtype><attwidth Sync="TRUE">100</attwidth><atprecis Sync="TRUE">0</atprecis><attscale Sync="TRUE">0</attscale></attr><attr><attrlabl Sync="TRUE">GenLUType</attrlabl><attalias Sync="TRUE">GenLUType</attalias><attrtype Sync="TRUE">String</attrtype><attwidth Sync="TRUE">100</attwidth><atprecis Sync="TRUE">0</atprecis><attscale Sync="TRUE">0</attscale></attr><attr><attrlabl Sync="TRUE">MaxDUA</attrlabl><attalias Sync="TRUE">MaxDUA</attalias><attrtype Sync="TRUE">Double</attrtype><attwidth Sync="TRUE">8</attwidth><atprecis Sync="TRUE">0</atprecis><attscale Sync="TRUE">0</attscale></attr><attr><attrlabl Sync="TRUE">PlanYear</attrlabl><attalias Sync="TRUE">PlanYear</attalias><attrtype Sync="TRUE">Integer</attrtype><attwidth Sync="TRUE">4</attwidth><atprecis Sync="TRUE">0</atprecis><attscale Sync="TRUE">0</attscale></attr><attr><attrlabl Sync="TRUE">PlanSource</attrlabl><attalias Sync="TRUE">PlanSource</attalias><attrtype Sync="TRUE">String</attrtype><attwidth Sync="TRUE">254</attwidth><atprecis Sync="TRUE">0</atprecis><attscale Sync="TRUE">0</attscale></attr><attr><attrlabl Sync="TRUE">DataSource</attrlabl><attalias Sync="TRUE">DataSource</attalias><attrtype Sync="TRUE">String</attrtype><attwidth Sync="TRUE">254</attwidth><atprecis Sync="TRUE">0</atprecis><attscale Sync="TRUE">0</attscale></attr><attr><attrlabl Sync="TRUE">Shape</attrlabl><attalias Sync="TRUE">Shape</attalias><attrtype Sync="TRUE">Geometry</attrtype><attwidth Sync="TRUE">0</attwidth><atprecis Sync="TRUE">0</atprecis><attscale Sync="TRUE">0</attscale><attrdef Sync="TRUE">Feature geometry.</attrdef><attrdefs Sync="TRUE">Esri</attrdefs><attrdomv><udom Sync="TRUE">Coordinates defining the features.</udom></attrdomv></attr><attr><attrlabl Sync="TRUE">Shape_Length</attrlabl><attalias Sync="TRUE">Shape_Length</attalias><attrtype Sync="TRUE">Double</attrtype><attwidth Sync="TRUE">8</attwidth><atprecis Sync="TRUE">0</atprecis><attscale Sync="TRUE">0</attscale><attrdef Sync="TRUE">Length of feature in internal units.</attrdef><attrdefs Sync="TRUE">Esri</attrdefs><attrdomv><udom Sync="TRUE">Positive real numbers that are automatically generated.</udom></attrdomv></attr><attr><attrlabl Sync="TRUE">Shape_Area</attrlabl><attalias Sync="TRUE">Shape_Area</attalias><attrtype Sync="TRUE">Double</attrtype><attwidth Sync="TRUE">8</attwidth><atprecis Sync="TRUE">0</atprecis><attscale Sync="TRUE">0</attscale><attrdef Sync="TRUE">Area of feature in internal units squared.</attrdef><attrdefs Sync="TRUE">Esri</attrdefs><attrdomv><udom Sync="TRUE">Positive real numbers that are automatically generated.</udom></attrdomv></attr></detailed></eainfo><mdDateSt Sync="TRUE">20210104</mdDateSt></metadata>
